Firstname,Lastname,Email,City,Zip,Birthdate,County,Phone,Children,Address
Shad,Carpenter,urna.Vivamus.molestie@acturpis.com,Hollister,50497,1993-12-07T00:00:00Z,IL,1 77 384 6214-9158,0,7744 Malesuada Avenue
Iliana,Pittman,Cras@bibendum.ca,Moscow,67854,1965-06-12T00:00:00Z,Pennsylvania,1 93 617 6333-3731,4,Ap #621-503 Interdum Avenue
Caldwell,Johnston,turpis.In@nulla.org,Newport News,03207,1966-09-03T00:00:00Z,Delaware,1 44 877 5199-8944,8,Ap #417-394 Consectetuer Avenue
Wallace,Tran,in.sodales@scelerisquemollisPhasellus.edu,Appleton,81216,1995-12-11T00:00:00Z,WV,1 50 449 3932-5389,3,P.O. Box 608 8296 Ligula. Av.
Andrew,Martin,mauris.ipsum.porta@elementumat.edu,Middlebury,15165,1989-05-18T00:00:00Z,AK,1 80 905 2955-6352,1,P.O. Box 490 1992 Justo Av.
Barry,Kramer,eu.placerat.eget@ornareIn.ca,Dothan,43323,1991-06-07T00:00:00Z,Kentucky,1 52 509 8520-1006,1,9350 Quis St.
Porter,Dillon,eget.laoreet.posuere@Sed.com,Lafayette,67852,1995-01-28T00:00:00Z,Alaska,1 18 828 1396-5075,0,5508 Mauris Ave
Sebastian,Burks,lectus.pede.ultrices@acmattis.edu,Lockport,26057,1977-02-13T00:00:00Z,Louisiana,1 83 470 8883-9317,8,2671 Diam Av.
Kasper,Fields,massa@nonenim.org,Keene,33442,1989-04-24T00:00:00Z,Oregon,1 86 879 7105-0048,2,Ap #963-4874 Vulputate St.
Channing,Merritt,vel.sapien.imperdiet@pede.org,Irvine,51547,1974-06-16T00:00:00Z,DC,1 22 873 9111-0380,7,Ap #338-6652 Posuere Rd.
Angelica,Wolf,amet@mollisDuis.edu,Williamsburg,51774,1971-09-09T00:00:00Z,Mississippi,1 56 966 3570-5377,0,P.O. Box 507 2924 Morbi Ave
Genevieve,Meadows,ac@turpis.edu,West Covina,74520,1966-10-19T00:00:00Z,Virginia,1 74 589 8668-4499,6,6765 Ligula. Rd.
Noel,Guerra,viverra.Donec.tempus@nec.edu,Reading,12689,1963-05-21T00:00:00Z,Kentucky,1 91 460 8007-7337,0,6997 Nulla St.
Edan,Fisher,vestibulum.massa.rutrum@Suspendissenonleo.com,Natchitoches,26105,1968-10-22T00:00:00Z,Missouri,1 43 341 1757-7585,2,P.O. Box 240 8395 Tempor Av.
Yuli,Hewitt,pede.Cras@sempercursusInteger.ca,Roanoke,32876,1987-09-04T00:00:00Z,DC,1 19 486 9621-8019,8,986-684 Est Road
Isaiah,Wolf,Quisque.nonummy.ipsum@aneque.ca,Boulder,02511,1973-03-14T00:00:00Z,WA,1 86 294 2131-3743,7,Ap #134-6499 Vivamus Street
Neil,Wilkins,a.facilisis.non@lacusQuisquepurus.ca,Billings,90176,1979-04-09T00:00:00Z,OR,1 49 452 2059-0850,4,728-226 Tempus St.
Eaton,Ortega,nec@odioAliquam.org,Hamilton,80720,1971-10-17T00:00:00Z,Tennessee,1 39 829 7892-1948,0,P.O. Box 331 1109 Nulla Rd.
Cynthia,Smith,vel.mauris@MaurismagnaDuis.org,Watertown,87816,1996-01-30T00:00:00Z,Maryland,1 32 653 6015-7670,6,P.O. Box 902 5730 Adipiscing Avenue
Penelope,Mckinney,facilisis.eget@ornarelibero.edu,Nenana,70502,1965-10-07T00:00:00Z,New York,1 76 734 3040-9318,8,335-9309 Vivamus Rd.
Nyssa,Harvey,pellentesque.massa@Praesent.com,Easthampton,48315,1984-07-06T00:00:00Z,MT,1 35 435 7536-4807,7,554-2775 A St.
TaShya,Robertson,Aenean.sed@lectus.ca,Hopkinsville,99824,1979-08-17T00:00:00Z,NJ,1 10 475 3820-6341,5,P.O. Box 961 1305 Justo Avenue
Lacy,Ward,dolor.Fusce@eleifendnuncrisus.com,Daly City,68979,1963-05-19T00:00:00Z,MI,1 62 768 1097-3883,0,Ap #947-2036 Odio Street
Wynter,Garrett,eros.Proin@nec.ca,Radford,01564,1967-02-27T00:00:00Z,Kansas,1 43 307 2901-3363,4,5253 Neque Ave
Mira,Christensen,lectus@volutpat.org,Taylorsville,91325,1998-06-21T00:00:00Z,MT,1 56 658 9953-4194,6,846 Lorem Rd.
Teagan,Gould,amet.consectetuer@idsapien.ca,Rutland,55410,1967-10-20T00:00:00Z,OR,1 87 630 1504-2702,7,798-9668 Velit Rd.
Armand,Powers,ullamcorper.eu.euismod@litora.com,Hoboken,41938,1991-11-17T00:00:00Z,Ohio,1 62 904 6164-1289,1,8712 Ornare Rd.
Thomas,Cummings,enim@disparturient.com,La Palma,29615,1975-12-05T00:00:00Z,Arkansas,1 47 701 9298-5854,6,7071 Sem Ave
Chase,Molina,Suspendisse@ornareegestas.org,Danville,10684,1977-09-15T00:00:00Z,NJ,1 45 743 3287-0230,8,P.O. Box 310 2469 Id Rd.
Jin,Stein,imperdiet.ullamcorper@blandit.org,Tok,94430,1972-08-04T00:00:00Z,Pennsylvania,1 50 320 5615-2764,0,197-4116 Arcu. Road
Alice,Petty,risus@eratvitae.org,Agat,77138,1980-08-15T00:00:00Z,NH,1 92 144 8098-1222,5,3700 Montes St.
Merrill,Randolph,ultricies.sem.magna@loremsit.com,Rohnert Park,22511,1970-02-24T00:00:00Z,District of Columbia,1 39 717 9302-0429,7,Ap #649-3199 Cras Ave
Gannon,Barron,sed@Morbi.ca,Jersey City,65185,1961-08-02T00:00:00Z,Alaska,1 84 504 8346-3239,4,Ap #985-2537 Pede Avenue
Sydnee,Spence,Pellentesque.ultricies.dignissim@faucibusMorbi.com,Indianapolis,34128,1971-06-05T00:00:00Z,KS,1 56 819 1495-1811,1,3643 Nec Avenue
Kareem,Blackburn,ac.mattis.ornare@suscipitnonummyFusce.com,Bristol,27752,1967-08-01T00:00:00Z,KY,1 53 938 1201-3011,3,P.O. Box 640 1793 Cum Street
India,Whitney,adipiscing@erat.org,Rialto,10764,1979-07-07T00:00:00Z,Wyoming,1 72 386 3086-7093,2,Ap #294-4687 Arcu Street
Lana,Stevenson,Nulla@nec.org,Natchitoches,25098,1966-03-01T00:00:00Z,South Carolina,1 78 335 4286-6118,5,6180 Scelerisque Ave
Odessa,Boone,dis@magnaseddui.ca,Texas City,72229,1963-01-06T00:00:00Z,Nevada,1 69 645 3571-0488,0,883-7710 Nec Avenue
Rhiannon,Rosario,In.mi@atrisus.com,Seattle,43203,1967-01-05T00:00:00Z,Massachusetts,1 29 720 2082-5864,5,P.O. Box 656 8225 Leo. Street
Caleb,Baldwin,malesuada.id@dolorQuisque.edu,Lodi,19228,1960-01-15T00:00:00Z,MN,1 24 740 5051-4830,5,569-5806 Dolor. St.
Elliott,Rice,tristique@ullamcorperDuisat.ca,Binghamton,85700,1976-05-07T00:00:00Z,MI,1 14 719 5590-0035,5,Ap #372-1927 Ridiculus Street
Pamela,Dickerson,tincidunt@pede.com,Chesapeake,85990,1988-02-20T00:00:00Z,Connecticut,1 26 926 1526-2545,6,P.O. Box 788 8963 A Ave
Scarlet,Carr,Aliquam@eget.org,Wilson,30747,1985-03-04T00:00:00Z,North Carolina,1 72 734 3799-9706,5,Ap #587-8623 Egestas. Av.
Gabriel,Crawford,aliquam.eu.accumsan@lacusCras.ca,Wheeling,46118,1999-12-14T00:00:00Z,Mississippi,1 12 301 1086-9634,4,737-2187 Neque Ave
Eric,Jackson,enim@Integereulacus.edu,Ada,94907,1977-02-14T00:00:00Z,Arkansas,1 31 780 4159-8225,4,Ap #624-8994 Praesent St.
Imogene,Paul,aliquam.arcu.Aliquam@egestasligula.edu,Owensboro,27048,1966-08-05T00:00:00Z,KY,1 25 503 7382-9985,7,Ap #420-8789 Pellentesque St.
Baker,Hardy,vel.turpis@nislarcu.edu,Brunswick,94109,1993-03-07T00:00:00Z,Connecticut,1 54 363 2599-8161,8,Ap #933-2049 Primis Rd.
Serena,Caldwell,tincidunt@fermentum.edu,Charleston,92037,1995-10-23T00:00:00Z,AK,1 46 134 2051-7176,3,Ap #627-8665 Mattis. Av.
Imogene,Rojas,odio@ornarelectusjusto.com,Belleville,51197,1961-11-21T00:00:00Z,KY,1 43 750 9272-8594,3,566-8945 Et St.
Nero,Richmond,lacinia.Sed.congue@egestas.ca,Flint,16059,1983-03-08T00:00:00Z,Colorado,1 73 892 3866-2817,6,Ap #592-8312 Integer Rd.
Regan,Jones,venenatis@necmetus.org,Costa Mesa,43817,1971-03-20T00:00:00Z,DC,1 90 562 4700-5570,3,304-1986 Donec Rd.
Darrel,Valenzuela,elementum.purus@quisarcu.ca,Narragansett,47338,1991-02-06T00:00:00Z,West Virginia,1 36 131 6129-7749,8,711-2672 Donec Av.
Bell,Keith,natoque.penatibus.et@faucibusidlibero.ca,Downey,71508,1981-10-03T00:00:00Z,Maine,1 25 312 1610-3049,2,P.O. Box 175 3856 Dignissim Rd.
Raya,Waters,orci.luctus@fringillapurusmauris.ca,Rancho Cordova,31756,1982-02-25T00:00:00Z,Rhode Island,1 23 126 1663-2153,4,P.O. Box 615 9764 Dui Street
Winter,Galloway,Donec.consectetuer.mauris@loremeumetus.com,Elmira,30344,1970-06-11T00:00:00Z,OH,1 53 895 9594-8164,1,2207 Ante. Ave
Ina,Patterson,in.aliquet@mi.org,Minot,10125,1971-02-26T00:00:00Z,Arkansas,1 10 194 8102-3602,8,252-1337 Nec Avenue
Hashim,Travis,imperdiet.erat.nonummy@quis.ca,Glendale,34744,1963-07-20T00:00:00Z,MI,1 76 999 6015-5106,2,2017 Neque. Rd.
Margaret,Morris,aliquet@egestashendreritneque.com,Prescott,75362,1973-12-12T00:00:00Z,NY,1 93 318 7284-4204,3,Ap #660-9781 Nascetur St.
Alea,Zamora,ac.fermentum.vel@Crasloremlorem.com,Keene,30723,1989-12-15T00:00:00Z,ME,1 76 110 3257-8524,4,P.O. Box 348 2593 Donec Rd.
Jesse,Mckinney,odio.auctor.vitae@sitametconsectetuer.org,Chino,65441,1985-10-29T00:00:00Z,New York,1 88 756 3818-1604,8,Ap #574-9853 Blandit St.
Hall,Day,nunc@nequepellentesquemassa.ca,Hartford,40128,1973-03-20T00:00:00Z,Utah,1 27 799 4042-6481,4,Ap #797-3037 Primis Road
Eve,Potts,Duis.gravida.Praesent@montes.com,Lancaster,13020,1993-05-19T00:00:00Z,IL,1 23 449 9313-5493,6,517-2412 Porttitor St.
Brian,Phillips,Donec.tempus.lorem@facilisisvitaeorci.ca,Brockton,53177,1985-01-31T00:00:00Z,Georgia,1 55 780 3830-1346,5,327-2253 Ligula Road
Hayfa,Allison,sagittis@acorci.org,Greenville,35080,1986-10-01T00:00:00Z,OK,1 15 517 8544-1884,0,769-453 Aenean Rd.
Ariana,Houston,aliquet.molestie@utpharetrased.org,Minot,42158,1993-06-02T00:00:00Z,NC,1 52 104 9889-0327,3,Ap #843-9880 Dui Street
Neil,Hartman,Sed.congue@loremDonecelementum.ca,Green Bay,50312,1990-05-10T00:00:00Z,CT,1 49 520 8571-8097,0,Ap #431-9215 Dui St.
Hu,Floyd,Nam@tempusrisusDonec.com,Agat,91221,1985-06-06T00:00:00Z,Montana,1 60 979 9769-3757,5,839 Eu St.
Tanek,Conway,commodo.at@enimnectempus.edu,Warren,16222,1998-09-13T00:00:00Z,DE,1 20 880 2558-2581,5,P.O. Box 676 643 Sed Street
Martina,Noble,Integer.urna.Vivamus@Donecdignissimmagna.org,Austin,82012,1966-01-08T00:00:00Z,Washington,1 14 987 5781-4130,1,P.O. Box 393 5777 Fusce Ave
Tatum,Waller,commodo.tincidunt@acmieleifend.ca,Vineland,88483,1983-10-03T00:00:00Z,NC,1 93 908 1393-2656,2,3009 In Rd.
Harper,Pearson,mi@egetmetuseu.edu,Flagstaff,57566,1998-03-26T00:00:00Z,Nebraska,1 76 969 3349-6844,1,239-475 Eu St.
Howard,George,molestie.Sed@egestasascelerisque.ca,Little Rock,60336,1969-04-19T00:00:00Z,Wyoming,1 63 159 8949-8639,5,513 Etiam Street
Cathleen,Barrera,quam.Curabitur.vel@bibendumDonecfelis.org,Anderson,33799,1981-06-15T00:00:00Z,Washington,1 17 447 2011-7947,8,3222 Eu Av.
Jin,Davenport,amet@ligula.ca,Sandpoint,79229,1999-03-19T00:00:00Z,NY,1 88 590 2849-8176,4,729-8671 Tempor Av.
Sigourney,Love,sodales.Mauris@tempor.com,Middletown,42810,1997-10-12T00:00:00Z,CT,1 59 648 7141-3360,1,6766 Amet Rd.
Tatyana,Henderson,convallis@orciUtsagittis.org,Ruston,70785,1985-10-08T00:00:00Z,MD,1 61 202 5395-5404,1,P.O. Box 491 7175 Risus Av.
Merritt,Bright,rhoncus.Nullam@temporarcuVestibulum.edu,North Platte,90151,1975-05-15T00:00:00Z,NY,1 80 425 8309-3817,4,P.O. Box 230 7082 Quisque Av.
Leigh,Fernandez,blandit.congue@varius.ca,Rock Island,23904,1967-11-19T00:00:00Z,Kansas,1 26 110 8273-0632,3,Ap #743-7096 Nec Rd.
Brady,Merritt,venenatis.lacus@turpisegestasAliquam.org,Sturgis,01218,1969-02-20T00:00:00Z,KY,1 26 756 4987-8346,0,Ap #320-831 Eu Street
Idola,Sutton,velit.Aliquam.nisl@nonloremvitae.ca,Bloomington,24840,1973-06-08T00:00:00Z,West Virginia,1 98 677 1131-7560,5,Ap #801-7969 In Avenue
Orli,Reese,Curae.Donec.tincidunt@ornare.org,Laguna Niguel,24012,1993-11-18T00:00:00Z,UT,1 70 478 9486-5723,4,760-1245 Dolor St.
Patricia,Greer,ipsum.non@imperdietullamcorper.edu,Richmond,86356,1974-10-14T00:00:00Z,Indiana,1 77 442 1656-6604,7,914-3786 At Av.
Hayden,Bentley,ultrices@nullavulputatedui.edu,Hot Springs,86954,1972-11-24T00:00:00Z,AL,1 47 304 9187-9618,0,P.O. Box 294 7779 Montes Av.
Summer,Ellison,condimentum@egestas.com,Overland Park,56993,1985-08-23T00:00:00Z,AL,1 31 600 3182-6748,4,Ap #637-2273 Morbi St.
Kennedy,Sosa,Pellentesque.ut.ipsum@nonmagna.ca,Honolulu,04735,1993-10-28T00:00:00Z,KS,1 74 491 2396-6132,2,P.O. Box 696 5353 Neque St.
Regina,Hurst,interdum.feugiat.Sed@penatibuset.org,Stamford,91366,1993-11-26T00:00:00Z,New Jersey,1 99 756 8881-6933,4,947-3415 Augue Av.
Patience,Johnston,et@dapibusligula.ca,Beaver Falls,76766,1996-04-12T00:00:00Z,DC,1 30 146 1805-0799,1,368-8751 Urna. Road
Nichole,Estrada,dignissim.pharetra.Nam@Proin.com,Palo Alto,98428,1967-07-27T00:00:00Z,Oklahoma,1 65 525 3154-8971,7,2119 Ornare Rd.
Jerry,Hester,non.enim.Mauris@erateget.edu,Champaign,87533,1962-10-10T00:00:00Z,VT,1 72 726 6248-1929,1,9081 Nec Road
Ainsley,Hopper,enim.consequat.purus@metus.ca,Torrance,20087,1985-04-30T00:00:00Z,NY,1 92 331 5333-4172,0,9332 Feugiat. Ave
Amos,Pennington,nonummy.ac.feugiat@tempordiamdictum.ca,Tonawanda,71680,1977-09-29T00:00:00Z,Connecticut,1 15 849 3575-6425,3,363-1350 Vitae Street
Harrison,Fields,semper@at.edu,Stanton,09705,1984-11-11T00:00:00Z,Missouri,1 80 336 7621-9432,5,Ap #268-6109 Consectetuer Rd.
Robin,Duffy,turpis.egestas@dui.ca,Glens Falls,38509,1978-03-08T00:00:00Z,Michigan,1 60 870 3138-8850,4,4063 Ridiculus Road
Lois,Hinton,nibh@ametrisus.ca,Apple Valley,68024,1993-05-29T00:00:00Z,Arizona,1 23 342 2372-8058,4,Ap #192-7296 Gravida Street
Carol,Sweet,nec.metus.facilisis@Donecnon.ca,Somerville,98102,1960-04-16T00:00:00Z,New Hampshire,1 59 278 2276-4935,6,338-348 Ac Rd.
Ariel,Black,orci.Donec.nibh@Nullasempertellus.edu,Berlin,66416,1973-01-28T00:00:00Z,VA,1 82 246 2728-2635,6,Ap #538-6315 Aliquet. Rd.
Farrah,Potter,iaculis.enim.sit@dapibusligula.org,Medford,24506,1995-05-06T00:00:00Z,MT,1 83 576 2018-4849,3,P.O. Box 140 922 Auctor Ave
Keefe,Randall,non.dapibus@enim.edu,Berkeley,76069,1987-11-11T00:00:00Z,Massachusetts,1 85 769 5199-8619,6,279-6958 Etiam Ave
Jason,Duke,Mauris.non.dui@dapibus.com,Palos Verdes Estates,90875,1961-05-30T00:00:00Z,Maryland,1 15 504 2239-8030,6,136-3427 Eleifend Street
Seth,Gentry,nec@Sed.ca,West Hartford,53268,1982-04-20T00:00:00Z,OK,1 19 607 6383-1172,4,802-8120 Lacinia Rd.
Levi,Rich,nisl.arcu.iaculis@Donec.org,West Covina,46345,1975-10-08T00:00:00Z,Mississippi,1 68 290 3738-3821,6,264-2080 Risus. Avenue
Lance,Rhodes,magna@ut.ca,North Chicago,81749,1989-09-30T00:00:00Z,LA,1 30 404 3359-2434,5,5341 Ipsum. St.
Hanae,Mcintosh,sollicitudin.a@iaculis.edu,Rohnert Park,17019,1996-10-16T00:00:00Z,Nevada,1 67 417 7501-1039,5,7306 Semper Rd.
Kellie,Fisher,ullamcorper.nisl.arcu@purus.ca,Cairo,92708,1983-07-11T00:00:00Z,MN,1 31 532 6455-9319,0,9524 Aenean Street
Eagan,Vaughan,faucibus.lectus.a@nec.org,Urbana,54457,1963-05-16T00:00:00Z,Alaska,1 86 642 5744-7076,0,4355 Massa Rd.
Nita,Tate,tincidunt@disparturientmontes.edu,Eugene,88206,1985-08-11T00:00:00Z,New Jersey,1 21 856 5631-6376,7,993 Fusce Rd.
Guinevere,Merritt,et@ultricesiaculisodio.com,Baltimore,19721,1963-02-09T00:00:00Z,AL,1 55 487 1256-0919,0,255-4317 Euismod Rd.
Gavin,Munoz,magna.sed@utodiovel.edu,Anaheim,00355,1962-01-17T00:00:00Z,Louisiana,1 75 836 8568-0212,5,P.O. Box 954 6856 Aliquet Av.
Kim,Cantrell,dictum.sapien.Aenean@dui.com,Plantation,10686,1982-09-02T00:00:00Z,ID,1 37 828 1307-8987,5,552-1038 Ac Avenue
Anjolie,Webster,scelerisque.neque.Nullam@Duis.edu,Westminster,52789,1981-08-23T00:00:00Z,CA,1 74 842 7203-6961,0,1384 Suspendisse St.
Clare,Owen,enim@Suspendisse.com,Agoura Hills,36714,1967-04-17T00:00:00Z,WV,1 47 240 8379-3502,5,4339 Taciti Avenue
Brittany,Mayo,dictum.sapien.Aenean@odio.ca,Wheeling,21115,1982-04-15T00:00:00Z,IN,1 90 470 8200-8396,7,Ap #264-4977 Nunc Street
Noelle,Wright,pharetra.ut@leo.edu,Gloversville,06107,1989-11-18T00:00:00Z,Rhode Island,1 40 838 2259-3854,2,2390 Imperdiet Rd.
Noelle,Hart,Phasellus.libero@Donecfelis.org,Reno,33216,1980-01-30T00:00:00Z,West Virginia,1 21 371 6560-8956,1,Ap #398-6330 Duis St.
Abel,Acevedo,Ut.sagittis@musDonec.org,Laredo,94315,1974-11-14T00:00:00Z,TN,1 23 422 3894-1904,5,5068 Etiam Rd.
Ruby,Odom,Morbi@Sed.org,Gulfport,29191,1992-02-08T00:00:00Z,IA,1 85 370 4708-3023,5,3867 Tincidunt St.
Anjolie,Barry,vehicula@utlacus.com,Merizo,51699,1970-06-07T00:00:00Z,Hawaii,1 45 444 7561-1719,1,P.O. Box 650 3777 Lorem Avenue
Marsden,Yang,et.arcu.imperdiet@tinciduntvehicula.org,Littleton,97633,1979-07-16T00:00:00Z,Oklahoma,1 72 483 2923-1258,5,Ap #284-3369 Ipsum. Av.
Lyle,Terry,cursus.vestibulum.Mauris@malesuadaIntegerid.edu,Cleveland,19691,1962-09-09T00:00:00Z,Rhode Island,1 27 859 1077-2534,7,Ap #540-2313 Lectus Road
Diana,Nash,elementum.sem@Nunclectuspede.ca,Rehoboth Beach,85902,1981-05-09T00:00:00Z,NE,1 85 958 5833-7602,7,559-7593 Felis Avenue
Liberty,Figueroa,Nunc.sed@et.ca,Butler,76552,1970-07-10T00:00:00Z,CA,1 99 437 1499-8923,6,P.O. Box 915 7215 Neque Rd.
Chastity,Tillman,nec.tempus.scelerisque@dolorFusce.ca,Clarksville,42842,1987-03-02T00:00:00Z,South Carolina,1 42 930 8545-4063,6,Ap #417-8901 Ultricies Street
Beatrice,Gardner,ac@disparturientmontes.org,Connellsville,99432,1993-01-17T00:00:00Z,OH,1 22 777 7405-3316,2,149-7582 In Avenue
Mannix,Riley,Maecenas.libero.est@lacusCrasinterdum.org,Cape May,08521,1974-10-21T00:00:00Z,WI,1 13 956 3635-8389,0,P.O. Box 686 4565 Aliquet Ave
Zachery,Ferrell,aliquet.vel@Integer.org,Manassas,94398,1966-05-09T00:00:00Z,Missouri,1 61 919 3093-5541,0,Ap #615-7531 Nulla Rd.
Alma,Dunlap,tellus@id.ca,Cerritos,36297,1985-01-09T00:00:00Z,DE,1 41 777 3183-5391,0,579-6051 Sem Road
Brent,King,diam.Proin.dolor@malesuadafringillaest.ca,Saint Cloud,09941,1988-12-07T00:00:00Z,Illinois,1 94 720 1111-0546,1,3635 Suscipit St.
Wade,Galloway,nulla@bibendumsed.org,La Habra Heights,71150,1975-06-30T00:00:00Z,Illinois,1 63 484 5481-5425,7,P.O. Box 907 3490 Cursus. Av.
Liberty,Logan,parturient.montes.nascetur@massa.org,Sun Valley,31194,1999-02-27T00:00:00Z,SD,1 12 718 3331-5124,4,460-2727 Nulla. Avenue
Cora,Bryan,eros@Nuncmauris.com,Kankakee,82584,1990-10-08T00:00:00Z,Wyoming,1 63 678 7032-8252,4,Ap #971-8481 Cras Road
Wynter,Fisher,lobortis@dapibus.com,Arlington,60323,1961-05-15T00:00:00Z,AL,1 70 699 8513-3503,3,Ap #760-7866 Elementum Rd.
Diana,Ayers,tincidunt.adipiscing.Mauris@nequenonquam.org,Westlake Village,59419,1994-05-19T00:00:00Z,Delaware,1 97 120 6340-4081,7,Ap #433-8623 Interdum St.
Juliet,Whitaker,ante.ipsum.primis@vitaerisus.edu,Oak Ridge,28615,1979-08-29T00:00:00Z,Minnesota,1 48 152 1349-4557,3,830-2184 Non Ave
Arden,Atkins,neque.non.quam@pede.org,Kingston,29767,1964-12-03T00:00:00Z,FL,1 85 479 1374-4472,6,Ap #652-5841 Phasellus Street
Christian,Cabrera,ac@ullamcorpereu.edu,Beaver Falls,92777,1981-05-06T00:00:00Z,New Hampshire,1 29 454 9365-0916,5,Ap #708-2207 Ultrices Av.
Kirk,Sampson,vel@NullamenimSed.edu,Malibu,11030,1998-12-26T00:00:00Z,VA,1 42 293 2097-3830,0,236-5604 A Av.
Shay,Castillo,at@interdum.edu,North Las Vegas,65797,1985-10-07T00:00:00Z,Vermont,1 19 182 9129-0121,5,Ap #335-6437 Risus. Street
Urielle,House,augue@eu.ca,Bay City,89798,1977-01-13T00:00:00Z,OK,1 78 468 5901-0392,8,128-7953 Cursus Ave
Beatrice,Washington,Donec.at.arcu@semPellentesqueut.com,Paramount,23892,1999-01-10T00:00:00Z,New York,1 85 105 4983-8568,2,P.O. Box 508 5703 Et Av.
Zephania,Todd,consectetuer@faucibus.org,Cerritos,87973,1961-06-10T00:00:00Z,OR,1 46 775 3435-1176,6,4242 Vel Rd.
Morgan,Mccarty,a.feugiat.tellus@semegestas.org,Greensburg,93387,1974-08-02T00:00:00Z,Nebraska,1 57 183 2907-6736,1,P.O. Box 837 6700 Amet Street
Ainsley,Hooper,cursus@Aliquamerat.ca,DuBois,87735,1996-03-18T00:00:00Z,Hawaii,1 92 969 6958-9897,4,636-6310 Ullamcorper. Street
Steel,Jordan,sollicitudin.a.malesuada@Etiambibendum.org,Rawlins,49031,1971-01-30T00:00:00Z,AK,1 70 759 5579-5041,5,Ap #405-9533 Sollicitudin Rd.
Candice,Blanchard,Integer.urna.Vivamus@fermentummetus.com,Thousand Oaks,49919,1993-08-09T00:00:00Z,North Carolina,1 21 706 7573-8381,2,P.O. Box 432 7962 Elementum Street
Mollie,Shaw,mus.Proin.vel@justo.com,Knoxville,11422,1961-08-02T00:00:00Z,IN,1 88 726 1084-0044,7,Ap #692-5590 Sapien. Street
Cassidy,Camacho,ac@dolor.edu,La Puente,37325,1960-06-15T00:00:00Z,MA,1 24 155 2090-1158,6,Ap #505-2226 Tincidunt. Avenue
Seth,Moon,posuere.cubilia.Curae@diamvelarcu.org,Cruz Bay,66271,1977-08-02T00:00:00Z,Louisiana,1 44 535 7943-6311,5,267-7700 Ullamcorper Av.
Olga,Ramos,ultrices.posuere.cubilia@Proinnon.ca,Canton,24368,1980-08-22T00:00:00Z,AL,1 59 986 3088-9511,3,675-2647 Nunc Avenue
Vivian,Mcgowan,Suspendisse.tristique@risusaultricies.ca,Kearney,84234,1987-08-10T00:00:00Z,GA,1 52 931 5538-4210,4,7756 Dolor Ave
Jolene,Reid,justo.nec.ante@nuncsed.com,San Juan Capistrano,89093,1985-02-01T00:00:00Z,TN,1 53 381 7037-5444,2,8571 Mattis St.
Noelle,Levine,ultrices@turpisegestas.com,Lakewood,87852,1992-05-12T00:00:00Z,TX,1 35 263 7171-3623,4,5043 Eget Av.
Driscoll,Sherman,mauris.erat.eget@imperdieteratnonummy.org,Odessa,87281,1993-01-31T00:00:00Z,AZ,1 17 888 3515-0148,5,Ap #551-4908 Elit Rd.
Griffin,Barlow,vitae@velitjustonec.ca,Redding,77785,1971-11-22T00:00:00Z,OK,1 92 542 6901-7772,2,876-1052 Est Street
Elton,Sparks,Cum.sociis.natoque@urnaconvallis.edu,Mandan,72464,1982-06-06T00:00:00Z,Florida,1 51 868 6408-5313,3,820-9087 Molestie Street
Tara,Valencia,tincidunt.pede@commodoauctorvelit.org,Hialeah,45997,1982-04-22T00:00:00Z,NC,1 40 726 1304-8276,1,Ap #702-2767 Praesent Rd.
Flavia,Cline,Suspendisse.sed@Vestibulumante.com,New Brunswick,22563,1966-02-05T00:00:00Z,Tennessee,1 32 170 3475-1318,5,P.O. Box 988 6279 In Avenue
Jakeem,Holden,eleifend@natoquepenatibuset.ca,Fernley,21943,1974-08-27T00:00:00Z,Hawaii,1 37 288 5960-4624,2,Ap #220-5475 Turpis. Av.
Alexa,Briggs,dolor.dapibus.gravida@elit.ca,Sandy Springs,70707,1975-08-05T00:00:00Z,Texas,1 38 332 9571-3564,1,6480 Arcu. Rd.
Sonia,Villarreal,fringilla.ornare@rhoncus.org,Vineland,47100,1984-08-15T00:00:00Z,LA,1 32 194 3517-6836,4,P.O. Box 879 7852 Aliquam Rd.
Deacon,Martinez,Cras.dictum.ultricies@mattis.org,Bradford,64987,1967-06-02T00:00:00Z,South Carolina,1 43 419 3468-6185,8,Ap #648-1214 Neque. St.
Carly,Ferguson,In@natoquepenatibuset.org,Rocky Mount,75608,1982-09-15T00:00:00Z,FL,1 36 512 6986-0926,0,P.O. Box 267 8025 Amet Avenue
Travis,Valenzuela,mus.Proin@egetodio.ca,Powell,99825,1996-11-12T00:00:00Z,Maine,1 93 763 6895-3885,5,P.O. Box 165 949 Dui. Road
Eliana,Barlow,arcu.Nunc.mauris@In.edu,Falls Church,46149,1960-01-08T00:00:00Z,Arkansas,1 49 292 1776-5286,2,P.O. Box 437 6653 Ipsum Rd.
Shaeleigh,Koch,eros.Nam.consequat@cursusdiamat.edu,Kearns,05844,1984-10-24T00:00:00Z,Maine,1 11 577 7530-6929,5,Ap #252-4940 Augue Rd.
Christian,Herring,Etiam.laoreet.libero@diamvel.org,Tampa,72684,1980-10-28T00:00:00Z,NE,1 90 596 5160-2164,6,Ap #686-3002 In Av.
Andrew,Frederick,non@diam.org,Sunnyvale,74064,1975-05-12T00:00:00Z,New Mexico,1 98 800 1747-6332,5,3685 Dolor Rd.
Lunea,Cunningham,Aenean.egestas.hendrerit@dui.ca,Cedar Falls,46856,1982-03-27T00:00:00Z,Minnesota,1 75 522 1563-1089,3,988-2650 Fusce St.
Abbot,Tate,sapien.imperdiet@odio.edu,Temecula,83468,1991-04-03T00:00:00Z,UT,1 14 836 8253-7767,8,955-8967 Dis Rd.
Ishmael,Buchanan,eu.eleifend.nec@sitametante.org,Nevada City,54159,1982-09-23T00:00:00Z,Washington,1 81 118 8857-5115,0,7705 Hendrerit Rd.
Lenore,Wilson,auctor.Mauris@Utnecurna.org,Chesapeake,61510,1999-05-28T00:00:00Z,Illinois,1 50 118 6391-3572,2,Ap #579-2012 Arcu St.
Phoebe,David,viverra.Maecenas@necluctusfelis.ca,Ames,52713,1986-07-15T00:00:00Z,ID,1 55 259 7310-6371,5,8892 Euismod Road
Dieter,Hensley,molestie.orci.tincidunt@ullamcorperviverraMaecenas.org,Olean,94709,1965-06-15T00:00:00Z,Hawaii,1 39 839 5776-3202,1,6439 Euismod Rd.
Lars,Fitzgerald,Curae@SeddictumProin.org,Macomb,68410,1978-03-19T00:00:00Z,Washington,1 34 200 5317-4543,1,305-4518 Nisl Ave
Jorden,Wade,velit.Aliquam.nisl@adipiscingelit.edu,Oswego,46270,1963-04-16T00:00:00Z,TN,1 11 375 8290-2634,0,P.O. Box 623 9134 Et Road
Samson,Pace,tempus.lorem@Phasellus.ca,West Jordan,47349,1987-03-24T00:00:00Z,Hawaii,1 54 546 1801-7423,3,7194 Libero St.
Damon,Bryan,felis.Nulla@Aenean.ca,Orlando,93747,1970-08-12T00:00:00Z,Vermont,1 89 291 9343-6445,1,8306 Lacinia Ave
Aladdin,Vaughan,a.tortor.Nunc@acnulla.ca,Davenport,74002,1981-12-29T00:00:00Z,Idaho,1 22 565 2097-2540,3,P.O. Box 219 4600 Sit Avenue
Whoopi,Byrd,Donec.nibh.Quisque@ipsumnonarcu.edu,Woburn,12534,1969-08-08T00:00:00Z,Wyoming,1 20 983 6339-7328,7,Ap #346-9277 Elit St.
Lucius,Hayden,pharetra.ut.pharetra@enimSuspendisse.com,Visalia,49669,1982-12-11T00:00:00Z,Missouri,1 28 715 1349-5448,3,995-7757 Nulla St.
Iola,Jacobs,eget.metus.eu@malesuadavelvenenatis.org,Meriden,20938,1992-04-17T00:00:00Z,Missouri,1 68 853 3926-0490,1,4457 Justo Rd.
Ignacia,Levy,auctor@porttitor.edu,Bandon,86122,1982-06-29T00:00:00Z,CO,1 44 860 8008-2431,8,7683 In Ave
Selma,Finley,et.commodo.at@venenatislacusEtiam.org,Brunswick,81075,1984-08-01T00:00:00Z,NV,1 54 353 5066-9439,2,P.O. Box 171 1783 Ut St.
Moses,Mendoza,Proin@estNunc.org,Chesapeake,07161,1998-10-12T00:00:00Z,Hawaii,1 92 252 6818-0381,4,1794 Magna Ave
Cyrus,Dickson,velit.Quisque.varius@ut.edu,Henderson,27766,1999-01-09T00:00:00Z,South Dakota,1 34 132 2713-2610,7,Ap #752-5494 Consectetuer Street
Lucius,Sawyer,Duis.gravida.Praesent@semper.ca,Pullman,95629,1965-11-07T00:00:00Z,NM,1 93 426 1379-6054,5,Ap #432-2968 Eu Street
Craig,Foreman,nulla@nec.edu,Layton,91784,1994-07-10T00:00:00Z,AK,1 14 801 8654-8791,0,P.O. Box 809 7563 Mauris Rd.
Maile,Abbott,lorem@Pellentesqueultriciesdignissim.ca,Rocky Mount,88992,1973-10-28T00:00:00Z,WY,1 65 903 7957-1089,7,P.O. Box 606 8581 Varius Avenue
Hilda,Hawkins,eu.elit@luctus.edu,El Segundo,82038,1972-10-11T00:00:00Z,Maine,1 63 834 8146-5371,1,3360 Magna. Rd.
Serena,Dudley,cursus.non@torquentperconubia.com,Ames,19046,1962-12-31T00:00:00Z,Georgia,1 80 227 7548-7545,7,452-7975 Sapien Av.
Laurel,Ramirez,arcu.Vestibulum.ante@risusDuisa.com,Gloversville,65345,1976-06-02T00:00:00Z,Oregon,1 33 711 3571-8542,3,P.O. Box 344 9290 Pede. Avenue
Winifred,Lee,Mauris@nunc.ca,North Las Vegas,23757,1974-04-04T00:00:00Z,North Carolina,1 72 590 1334-4366,2,Ap #950-3789 Porttitor St.
Germane,Parker,feugiat@velitSedmalesuada.com,Lockport,91973,1976-09-17T00:00:00Z,NJ,1 69 803 2604-2291,5,Ap #195-8754 Nullam Avenue
Astra,Mcguire,tempor.augue@neceleifend.edu,Eatontown,68428,1976-01-02T00:00:00Z,KY,1 50 392 6842-2393,2,Ap #263-4963 Adipiscing Avenue
Caleb,Gentry,metus.In.nec@justositamet.org,Enid,86626,1971-01-07T00:00:00Z,District of Columbia,1 50 472 7669-6558,0,7685 Natoque St.
Charity,Herring,a@orciDonecnibh.edu,Longview,64559,1977-06-10T00:00:00Z,Washington,1 86 445 1009-1719,4,7973 Libero Road
Claire,Tucker,pretium.neque.Morbi@augue.edu,Rome,13081,1979-05-30T00:00:00Z,Kentucky,1 34 734 8057-6814,6,Ap #143-6028 Libero Road
Bradley,Cummings,Sed.molestie@pellentesquemassa.com,Effingham,05520,1991-07-28T00:00:00Z,NM,1 27 193 9075-4114,6,P.O. Box 561 410 Luctus Ave
Piper,Shepard,sapien@mollislectuspede.edu,Cedar City,47364,1960-08-11T00:00:00Z,NE,1 36 580 6043-2147,1,819-4832 Blandit Rd.
Giselle,Woodard,mauris.Morbi@volutpatNulla.org,Bellingham,06622,1963-07-10T00:00:00Z,DE,1 81 714 8510-7755,2,1761 Lorem Rd.
Zachery,Ewing,quam.quis.diam@pede.org,Rialto,99217,1996-01-02T00:00:00Z,VA,1 87 508 3837-0229,3,410-3945 Molestie Street
